<?xml version="1.0" encoding="UTF-8"?>
<?xml-stylesheet href="emp.css" type="text/css"?>
<?xml-stylesheet href="employee.xsl" type="text/xsl"?> 
<employees>
    <info>
        <name>Sumedha Zaware</name>
        <age>20</age>
        <salary>$100000</salary>
        <address>Pune</address>
    </info>
    <info>
        <name>Emilie Kennedy</name>
        <age>21</age>
        <salary>$100000</salary>
        <address>Annapolis</address>
    </info>
    <info>
        <name>Jeffrey Bush</name>
        <age>22</age>
        <salary>$100000</salary>
        <address>Beaudesert</address>
    </info>
    <info>
        <name>Angelica Bean</name>
        <age>23</age>
        <salary>$100000</salary>
        <address>Passaic</address>
    </info>
    <info>
        <name>Diwakar Jain</name>
        <age>24</age>
        <salary>$100000</salary>
        <address>Thirsk</address>
    </info>
    <info>
        <name>Jordan Hester</name>
        <age>25</age>
        <salary>$100000</salary>
        <address>Beatrice</address>
    </info>
</employees>